<?xml version="1.0" encoding="UTF-8"?>
<project-private xmlns="http://www.netbeans.org/ns/project-private/1">
    <editor-bookmarks xmlns="http://www.netbeans.org/ns/editor-bookmarks/2" lastBookmarkId="0"/>
    <open-files xmlns="http://www.netbeans.org/ns/projectui-open-files/2">
        <group name="INVESTIGACION">
            <file>file:/D:/desarrollo/NetBeans8.0.2/investigacion/WebApplicationJnlp/web/index.jsp</file>
            <file>file:/D:/desarrollo/NetBeans8.0.2/investigacion/WebApplicationJnlp/web/Firmar.jnlp</file>
        </group>
        <group name="appletfirma">
            <file>file:/C:/Development/NetBeansProjects/WebApplicationJnlp/web/Firmar.jnlp</file>
        </group>
        <group/>
    </open-files>
</project-private>
